<?xml version="1.0" encoding="UTF-8"?>
<project-private xmlns="http://www.netbeans.org/ns/project-private/1">
    <editor-bookmarks xmlns="http://www.netbeans.org/ns/editor-bookmarks/2" lastBookmarkId="0"/>
    <open-files xmlns="http://www.netbeans.org/ns/projectui-open-files/2">
        <group>
            <file>file:/E:/jeffry's%20documents/materi%20stts/semester%202/pemrograman%20berbasis%20objek/LatihanUAS/LATIHANUAS6724/LATIHANUASNO3/src/latihanuasno3/enemy.java</file>
            <file>file:/E:/jeffry's%20documents/materi%20stts/semester%202/pemrograman%20berbasis%20objek/LatihanUAS/LATIHANUAS6724/LATIHANUASNO3/src/latihanuasno3/pacman.java</file>
            <file>file:/E:/jeffry's%20documents/materi%20stts/semester%202/pemrograman%20berbasis%20objek/LatihanUAS/LATIHANUAS6724/LATIHANUASNO3/src/latihanuasno3/LATIHANUASNO3.java</file>
            <file>file:/E:/jeffry's%20documents/materi%20stts/semester%202/pemrograman%20berbasis%20objek/LatihanUAS/LATIHANUAS6724/LATIHANUASNO3/src/latihanuasno3/frame.java</file>
            <file>file:/E:/jeffry's%20documents/materi%20stts/semester%202/pemrograman%20berbasis%20objek/LatihanUAS/LATIHANUAS6724/LATIHANUASNO3/src/latihanuasno3/panel.java</file>
            <file>file:/E:/jeffry's%20documents/materi%20stts/semester%202/pemrograman%20berbasis%20objek/LatihanUAS/LATIHANUAS6724/LATIHANUASNO3/src/latihanuasno3/animasi.java</file>
        </group>
    </open-files>
</project-private>
