<?xml version="1.0" encoding="UTF-8"?>
<project-private xmlns="http://www.netbeans.org/ns/project-private/1">
    <editor-bookmarks xmlns="http://www.netbeans.org/ns/editor-bookmarks/2" lastBookmarkId="0"/>
    <open-files xmlns="http://www.netbeans.org/ns/projectui-open-files/2">
        <group>
            <file>file:/E:/jeffry's%20documents/materi%20stts/semester%202/pemrograman%20berbasis%20objek/LatihanUAS/LATIHANUASNO2/src/latihanuasno2/balokHalangan.java</file>
            <file>file:/E:/jeffry's%20documents/materi%20stts/semester%202/pemrograman%20berbasis%20objek/LatihanUAS/LATIHANUASNO2/src/latihanuasno2/LATIHANUASNO2.java</file>
            <file>file:/E:/jeffry's%20documents/materi%20stts/semester%202/pemrograman%20berbasis%20objek/LatihanUAS/LATIHANUASNO2/src/latihanuasno2/frame.java</file>
            <file>file:/E:/jeffry's%20documents/materi%20stts/semester%202/pemrograman%20berbasis%20objek/LatihanUAS/LATIHANUASNO2/src/latihanuasno2/panel.java</file>
        </group>
    </open-files>
</project-private>
