<?xml version="1.0" encoding="UTF-8"?>
<project-private xmlns="http://www.netbeans.org/ns/project-private/1">
    <editor-bookmarks xmlns="http://www.netbeans.org/ns/editor-bookmarks/2" lastBookmarkId="0"/>
    <open-files xmlns="http://www.netbeans.org/ns/projectui-open-files/2">
        <group>
            <file>file:/C:/Users/B204/Documents/NetBeansProjects/week%2013%20multithreading/src/week/pkg13/multithreading/jpanel.java</file>
            <file>file:/C:/Users/B204/Documents/NetBeansProjects/week%2013%20multithreading/src/week/pkg13/multithreading/Jframe.java</file>
            <file>file:/C:/Users/B204/Documents/NetBeansProjects/week%2013%20multithreading/src/week/pkg13/multithreading/Week13Multithreading.java</file>
            <file>file:/C:/Users/B204/Documents/NetBeansProjects/week%2013%20multithreading/src/week/pkg13/multithreading/kuda.java</file>
        </group>
    </open-files>
</project-private>
