<?xml version="1.0" encoding="UTF-8"?>
<project-private xmlns="http://www.netbeans.org/ns/project-private/1">
    <editor-bookmarks xmlns="http://www.netbeans.org/ns/editor-bookmarks/2" lastBookmarkId="0"/>
    <open-files xmlns="http://www.netbeans.org/ns/projectui-open-files/2">
        <group>
            <file>file:/C:/Users/ASUS/Documents/semester%202/pbo/quiz/QuizPboNo2/src/quizpbono2/QuizPboNo2.java</file>
            <file>file:/C:/Users/ASUS/Documents/semester%202/pbo/quiz/QuizPboNo2/src/quizpbono2/panel1.java</file>
            <file>file:/C:/Users/ASUS/Documents/semester%202/pbo/quiz/QuizPboNo2/src/quizpbono2/frame1.java</file>
        </group>
    </open-files>
</project-private>
